John,Smith,1985-03-12,Male
Sarah,Johnson,1992-07-28,Female
Michael,Davis,1979-11-05,Male
Emily,Wilson,1988-09-20,Female
David,Thompson,1996-02-15,Male
Jessica,Martinez,1983-06-09,Female
Christopher,Brown,1990-12-18,Male
Amanda,Taylor,1976-04-02,Female
Daniel,Anderson,1989-08-25,Male
Ashley,Rodriguez,1994-01-31,Female
Matthew,Moore,1991-05-17,Male
Jennifer,Clark,1982-10-08,Female
James,Baker,1978-02-23,Male
Stephanie,Lopez,1987-07-14,Female
Andrew,Hernandez,1993-12-05,Male
Megan,Walker,1984-06-28,Female
Benjamin,Garcia,1981-11-19,Male
Lauren,Martinez,1977-03-04,Female
Ryan,Wilson,1990-08-27,Male
Kimberly,Adams,1995-01-22,Female
Nicholas,Turner,1988-05-15,Male
Elizabeth,White,1983-10-06,Female
Jonathan,Lewis,1979-02-20,Male
Victoria,Scott,1986-07-11,Female
Samuel,Hall,1992-11-02,Male
Rachel,Young,1980-04-15,Female
William,Thompson,1987-09-08,Male
Olivia,Hernandez,1994-01-31,Female
Alexander,Moore,1991-06-23,Male
Danielle,Davis,1984-11-16,Female
Christopher,Johnson,1981-03-10,Male
Heather,Wilson,1977-07-03,Female
Matthew,Martinez,1990-12-25,Male
Amanda,Anderson,1995-05-18,Female
Joseph,Taylor,1988-10-11,Male
Emily,Baker,1983-02-03,Female
Jacob,Clark,1979-06-27,Male
Samantha,Garcia,1986-11-19,Female
Joshua,Walker,1993-04-13,Male
Michelle,Adams,1980-09-06,Female
David,Turner,1987-01-30,Male
Brittany,Lewis,1994-06-24,Female
Daniel,Scott,1991-11-16,Male
Nicole,Hall,1984-04-10,Female
Tyler,Young,1979-08-03,Male
Ashley,Hernandez,1986-12-27,Female
Christopher,Davis,1990-05-21,Male
Jessica,Johnson,1983-10-13,Female
Matthew,Wilson,1979-02-04,Male
Taylor,Adams,1986-06-28,Female
Joshua,Anderson,1991-11-21,Male
Emily,Moore,1984-04-15,Female
Brandon,Walker,1979-08-08,Male
Samantha,Johnson,1987-01-31,Female
Christopher,Wilson,1992-06-24,Male
Amanda,Taylor,1985-11-17,Female
Daniel,Clark,1980-03-11,Male
Jessica,Turner,1976-07-05,Female
Matthew,Hernandez,1993-11-27,Male
Ashley,Davis,1990-04-20,Female
Michael,Baker,1983-09-12,Male
Emily,Martinez,1979-01-05,Female
Jacob,Lewis,1986-05-30,Male
Samantha,Thompson,1991-10-23,Female
Benjamin,Anderson,1984-03-17,Male
Nicole,Wilson,1978-08-10,Female
Christopher,Adams,1985-12-03,Male
Stephanie,Walker,1990-04-26,Female
Joshua,Johnson,1983-09-18,Male
Lauren,Turner,1979-02-11,Female
Matthew,Martinez,1986-07-06,Male
Elizabeth,Young,1991-11-29,Female
Daniel,Thompson,1984-04-23,Male
Megan,Hernandez,1979-09-16,Female
David,Baker,1987-02-09,Male
Jennifer,Lewis,1992-07-04,Female
Alexander,Adams,1985-12-28,Male
Kimberly,Walker,1990-05-21,Female
Ryan,Johnson,1983-10-14,Male
Amanda,Wilson,1979-02-07,Female
Nicholas,Clark,1986-06-02,Male
Emily,Thompson,1991-10-25,Female
Christopher,Davis,1984-03-19,Male
Samantha,Martinez,1978-08-13,Female
Benjamin,Anderson,1985-12-06,Male
Stephanie,Walker,1990-05-29,Female
Joshua,Johnson,1983-10-21,Male
Lauren,Turner,1979-02-16,Female
Matthew,Martinez,1986-07-11,Male
Elizabeth,Young,1991-12-04,Female
Daniel,Thompson,1984-04-27,Male
Megan,Hernandez,1979-09-20,Female
David,Baker,1987-02-13,Male
Jennifer,Lewis,1992-07-08,Female
Alexander,Adams,1985-12-31,Male
Kimberly,Walker,1990-05-24,Female
Ryan,Johnson,1983-10-18,Male
Amanda,Wilson,1979-10-31,Famale